{"variables":[],"info":{"name":"Laravel API","_postman_id":"26426fd9-95af-4070-b820-c99500b898e9","description":"","schema":"https:\/\/schema.getpostman.com\/json\/collection\/v2.0.0\/collection.json"},"item":[{"name":"general","description":"","item":[{"name":"http:\/\/localhost\/api\/tanque","request":{"url":"http:\/\/localhost\/api\/tanque","method":"GET","header":[{"key":"Accept","value":"application\/json"}],"body":{"mode":"formdata","formdata":[]},"description":"","response":[]}},{"name":"http:\/\/localhost\/api\/tanque\/CbtAcimaDe300\/{dataReferencia}","request":{"url":"http:\/\/localhost\/api\/tanque\/CbtAcimaDe300\/{dataReferencia}","method":"GET","header":[{"key":"Accept","value":"application\/json"}],"body":{"mode":"formdata","formdata":[]},"description":"","response":[]}},{"name":"http:\/\/localhost\/api\/tanque\/CcsAcimaDe500\/{dataReferencia}","request":{"url":"http:\/\/localhost\/api\/tanque\/CcsAcimaDe500\/{dataReferencia}","method":"GET","header":[{"key":"Accept","value":"application\/json"}],"body":{"mode":"formdata","formdata":[]},"description":"","response":[]}},{"name":"http:\/\/localhost\/api\/tanque\/{id}","request":{"url":"http:\/\/localhost\/api\/tanque\/{id}","method":"GET","header":[{"key":"Accept","value":"application\/json"}],"body":{"mode":"formdata","formdata":[]},"description":"","response":[]}},{"name":"http:\/\/localhost\/api\/cooperado","request":{"url":"http:\/\/localhost\/api\/cooperado","method":"GET","header":[{"key":"Accept","value":"application\/json"}],"body":{"mode":"formdata","formdata":[]},"description":"","response":[]}},{"name":"http:\/\/localhost\/api\/cooperado\/cooperadoPorLatao","request":{"url":"http:\/\/localhost\/api\/cooperado\/cooperadoPorLatao","method":"GET","header":[{"key":"Accept","value":"application\/json"}],"body":{"mode":"formdata","formdata":[]},"description":"","response":[]}},{"name":"http:\/\/localhost\/api\/cooperado\/teste","request":{"url":"http:\/\/localhost\/api\/cooperado\/teste","method":"GET","header":[{"key":"Accept","value":"application\/json"}],"body":{"mode":"formdata","formdata":[]},"description":"","response":[]}},{"name":"http:\/\/localhost\/api\/qualidade","request":{"url":"http:\/\/localhost\/api\/qualidade","method":"GET","header":[{"key":"Accept","value":"application\/json"}],"body":{"mode":"formdata","formdata":[]},"description":"","response":[]}},{"name":"http:\/\/localhost\/api\/submissao\/{formulario_id}\/{cooperado_id}","request":{"url":"http:\/\/localhost\/api\/submissao\/{formulario_id}\/{cooperado_id}","method":"GET","header":[{"key":"Accept","value":"application\/json"}],"body":{"mode":"formdata","formdata":[]},"description":"","response":[]}},{"name":"http:\/\/localhost\/api\/submissao","request":{"url":"http:\/\/localhost\/api\/submissao","method":"POST","header":[{"key":"Accept","value":"application\/json"}],"body":{"mode":"formdata","formdata":[]},"description":"","response":[]}},{"name":"http:\/\/localhost\/api\/submissao\/{submissao_id}","request":{"url":"http:\/\/localhost\/api\/submissao\/{submissao_id}","method":"GET","header":[{"key":"Accept","value":"application\/json"}],"body":{"mode":"formdata","formdata":[]},"description":"","response":[]}},{"name":"Store a newly created resource in storage.","request":{"url":"http:\/\/localhost\/api\/submissao","method":"GET","header":[{"key":"Accept","value":"application\/json"}],"body":{"mode":"formdata","formdata":[]},"description":"","response":[]}},{"name":"Store a newly created resource in storage.","request":{"url":"http:\/\/localhost\/api\/OpcaoPergunta_submissaoController","method":"GET","header":[{"key":"Accept","value":"application\/json"}],"body":{"mode":"formdata","formdata":[]},"description":"","response":[]}},{"name":"http:\/\/localhost\/api\/formulario","request":{"url":"http:\/\/localhost\/api\/formulario","method":"GET","header":[{"key":"Accept","value":"application\/json"}],"body":{"mode":"formdata","formdata":[]},"description":"","response":[]}},{"name":"Store a newly created resource in storage.","request":{"url":"http:\/\/localhost\/api\/OpcaoPerguntaSubmissao","method":"POST","header":[{"key":"Accept","value":"application\/json"}],"body":{"mode":"formdata","formdata":[]},"description":"","response":[]}},{"name":"http:\/\/localhost\/api\/autenticacao\/logout","request":{"url":"http:\/\/localhost\/api\/autenticacao\/logout","method":"POST","header":[{"key":"Accept","value":"application\/json"}],"body":{"mode":"formdata","formdata":[]},"description":"","response":[]}},{"name":"http:\/\/localhost\/api\/autenticacao\/refresh","request":{"url":"http:\/\/localhost\/api\/autenticacao\/refresh","method":"POST","header":[{"key":"Accept","value":"application\/json"}],"body":{"mode":"formdata","formdata":[]},"description":"","response":[]}},{"name":"http:\/\/localhost\/api\/autenticacao\/me","request":{"url":"http:\/\/localhost\/api\/autenticacao\/me","method":"POST","header":[{"key":"Accept","value":"application\/json"}],"body":{"mode":"formdata","formdata":[]},"description":"","response":[]}},{"name":"http:\/\/localhost\/api\/observacao\/teste","request":{"url":"http:\/\/localhost\/api\/observacao\/teste","method":"POST","header":[{"key":"Accept","value":"application\/json"}],"body":{"mode":"formdata","formdata":[]},"description":"","response":[]}},{"name":"http:\/\/localhost\/api\/observacao","request":{"url":"http:\/\/localhost\/api\/observacao","method":"GET","header":[{"key":"Accept","value":"application\/json"}],"body":{"mode":"formdata","formdata":[]},"description":"","response":[]}},{"name":"http:\/\/localhost\/api\/autenticacao\/login","request":{"url":"http:\/\/localhost\/api\/autenticacao\/login","method":"POST","header":[{"key":"Accept","value":"application\/json"}],"body":{"mode":"formdata","formdata":[]},"description":"","response":[]}},{"name":"Store a newly created resource in storage.","request":{"url":"http:\/\/localhost\/api\/tecnico","method":"POST","header":[{"key":"Accept","value":"application\/json"}],"body":{"mode":"formdata","formdata":[]},"description":"","response":[]}},{"name":"Show the application's login form.","request":{"url":"http:\/\/localhost\/login","method":"GET","header":[{"key":"Accept","value":"application\/json"}],"body":{"mode":"formdata","formdata":[]},"description":"","response":[]}},{"name":"Handle a login request to the application.","request":{"url":"http:\/\/localhost\/login","method":"POST","header":[{"key":"Accept","value":"application\/json"}],"body":{"mode":"formdata","formdata":[]},"description":"","response":[]}},{"name":"Log the user out of the application.","request":{"url":"http:\/\/localhost\/logout","method":"POST","header":[{"key":"Accept","value":"application\/json"}],"body":{"mode":"formdata","formdata":[]},"description":"","response":[]}},{"name":"Show the application registration form.","request":{"url":"http:\/\/localhost\/register","method":"GET","header":[{"key":"Accept","value":"application\/json"}],"body":{"mode":"formdata","formdata":[]},"description":"","response":[]}},{"name":"Handle a registration request for the application.","request":{"url":"http:\/\/localhost\/register","method":"POST","header":[{"key":"Accept","value":"application\/json"}],"body":{"mode":"formdata","formdata":[]},"description":"","response":[]}},{"name":"Display the form to request a password reset link.","request":{"url":"http:\/\/localhost\/password\/reset","method":"GET","header":[{"key":"Accept","value":"application\/json"}],"body":{"mode":"formdata","formdata":[]},"description":"","response":[]}},{"name":"Send a reset link to the given user.","request":{"url":"http:\/\/localhost\/password\/email","method":"POST","header":[{"key":"Accept","value":"application\/json"}],"body":{"mode":"formdata","formdata":[]},"description":"","response":[]}},{"name":"Display the password reset view for the given token.","request":{"url":"http:\/\/localhost\/password\/reset\/{token}","method":"GET","header":[{"key":"Accept","value":"application\/json"}],"body":{"mode":"formdata","formdata":[]},"description":"If no token is present, display the link request form.","response":[]}},{"name":"Reset the given user's password.","request":{"url":"http:\/\/localhost\/password\/reset","method":"POST","header":[{"key":"Accept","value":"application\/json"}],"body":{"mode":"formdata","formdata":[]},"description":"","response":[]}},{"name":"Show the application dashboard.","request":{"url":"http:\/\/localhost\/home","method":"GET","header":[{"key":"Accept","value":"application\/json"}],"body":{"mode":"formdata","formdata":[]},"description":"","response":[]}}]}]}